Juan;Perez;7772496713;rsro220228@upemor.edu.mx
Juan;Perez;7772496713;rsro220228@upemor.edu.mx
Juan;Perez;7772496713;rsro220228@upemor.edu.mx
Juan;Perez;7772496713;rsro220228@upemor.edu.mx
Juan;Perez;7772496713;rsro220228@upemor.edu.mx
Juan;Perez;7772496713;rsro220228@upemor.edu.mx
Juan;Perez;7772496713;rsro220228@upemor.edu.mx
Juan;Perez;7772496713;rsro220228@upemor.edu.mx
Juan;Perez;7772496713;rsro220228@upemor.edu.mx
Juan;Perez;7772496713;rsro220228@upemor.edu.mx
Juan;Perez;7772496713;rsro220228@upemor.edu.mx
Juan;Perez;7772496713;rsro220228@upemor.edu.mx
Juan;Perez;7772496713;rsro220228@upemor.edu.mx
